Time,ZONE_STORY1_CORE:KWANGJU HEATING DESIGN DAY 99.6% CONDNS DB:Des Heat Load [W],ZONE_STORY1_CORE:KWANGJU COOLING DESIGN DAY 0.4% CONDNS DB=>MWB:Des Sens Cool Load [W],ZONE_STORY1_CORE:KWANGJU HEATING DESIGN DAY 99.6% CONDNS DB:Des Heat Mass Flow [kg/s],ZONE_STORY1_CORE:KWANGJU COOLING DESIGN DAY 0.4% CONDNS DB=>MWB:Des Cool Mass Flow [kg/s],ZONE_STORY1_CORE::Des Latent Heat Load [W],ZONE_STORY1_CORE::Des Latent Cool Load [W],ZONE_STORY1_CORE::Des Latent Heat Mass Flow [kg/s],ZONE_STORY1_CORE::Des Latent Cool Mass Flow [kg/s],ZONE_STORY1_CORE::Des Heat Load No DOAS [W],ZONE_STORY1_CORE::Des Sens Cool Load No DOAS [W],ZONE_STORY1_CORE::Des Latent Heat Load No DOAS [W],ZONE_STORY1_CORE::Des Latent Cool Load No DOAS [W],ZONE_STORY1_CORE:KWANGJU HEATING DESIGN DAY 99.6% CONDNS DB:Heating Zone Temperature [C],ZONE_STORY1_CORE:KWANGJU HEATING DESIGN DAY 99.6% CONDNS DB:Heating Zone Relative Humidity [%],ZONE_STORY1_CORE:KWANGJU COOLING DESIGN DAY 0.4% CONDNS DB=>MWB:Cooling Zone Temperature [C],ZONE_STORY1_CORE:KWANGJU COOLING DESIGN DAY 0.4% CONDNS DB=>MWB:Cooling Zone Relative Humidity [%],ZONE_STORY2_CORE:KWANGJU HEATING DESIGN DAY 99.6% CONDNS DB:Des Heat Load [W],ZONE_STORY2_CORE:KWANGJU COOLING DESIGN DAY 0.4% CONDNS DB=>MWB:Des Sens Cool Load [W],ZONE_STORY2_CORE:KWANGJU HEATING DESIGN DAY 99.6% CONDNS DB:Des Heat Mass Flow [kg/s],ZONE_STORY2_CORE:KWANGJU COOLING DESIGN DAY 0.4% CONDNS DB=>MWB:Des Cool Mass Flow [kg/s],ZONE_STORY2_CORE::Des Latent Heat Load [W],ZONE_STORY2_CORE::Des Latent Cool Load [W],ZONE_STORY2_CORE::Des Latent Heat Mass Flow [kg/s],ZONE_STORY2_CORE::Des Latent Cool Mass Flow [kg/s],ZONE_STORY2_CORE::Des Heat Load No DOAS [W],ZONE_STORY2_CORE::Des Sens Cool Load No DOAS [W],ZONE_STORY2_CORE::Des Latent Heat Load No DOAS [W],ZONE_STORY2_CORE::Des Latent Cool Load No DOAS [W],ZONE_STORY2_CORE:KWANGJU HEATING DESIGN DAY 99.6% CONDNS DB:Heating Zone Temperature [C],ZONE_STORY2_CORE:KWANGJU HEATING DESIGN DAY 99.6% CONDNS DB:Heating Zone Relative Humidity [%],ZONE_STORY2_CORE:KWANGJU COOLING DESIGN DAY 0.4% CONDNS DB=>MWB:Cooling Zone Temperature [C],ZONE_STORY2_CORE:KWANGJU COOLING DESIGN DAY 0.4% CONDNS DB=>MWB:Cooling Zone Relative Humidity [%]
00:10:00,2.115414E+03,7.072429E+02,1.036770E-01,5.777251E-02,0.000000E+00,0.000000E+00,0.000000E+00,0.000000E+00,0.000000E+00,0.000000E+00,0.000000E+00,0.000000E+00,1.999053E+01,4.749119E+01,2.599434E+01,5.385918E+01,1.659406E+03,9.913324E+02,8.134422E-02,8.096685E-02,0.000000E+00,0.000000E+00,0.000000E+00,0.000000E+00,0.000000E+00,0.000000E+00,0.000000E+00,0.000000E+00,1.999454E+01,4.976793E+01,2.599609E+01,4.700854E+01
00:20:00,2.115251E+03,6.932248E+02,1.036690E-01,5.662730E-02,0.000000E+00,0.000000E+00,0.000000E+00,0.000000E+00,0.000000E+00,0.000000E+00,0.000000E+00,0.000000E+00,1.999053E+01,4.749122E+01,2.599437E+01,5.405434E+01,1.659390E+03,9.661645E+02,8.134344E-02,7.891124E-02,0.000000E+00,0.000000E+00,0.000000E+00,0.000000E+00,0.000000E+00,0.000000E+00,0.000000E+00,0.000000E+00,1.999454E+01,4.976794E+01,2.599609E+01,4.715659E+01
00:30:00,2.115088E+03,6.795333E+02,1.036610E-01,5.550878E-02,0.000000E+00,0.000000E+00,0.000000E+00,0.000000E+00,0.000000E+00,0.000000E+00,0.000000E+00,0.000000E+00,1.999053E+01,4.749125E+01,2.599439E+01,5.424955E+01,1.659374E+03,9.417524E+02,8.134265E-02,7.691734E-02,0.000000E+00,0.000000E+00,0.000000E+00,0.000000E+00,0.000000E+00,0.000000E+00,0.000000E+00,0.000000E+00,1.999454E+01,4.976794E+01,2.599610E+01,4.730662E+01
00:40:00,2.114927E+03,6.661578E+02,1.036531E-01,5.441607E-02,0.000000E+00,0.000000E+00,0.000000E+00,0.000000E+00,0.000000E+00,0.000000E+00,0.000000E+00,0.000000E+00,1.999053E+01,4.749129E+01,2.599442E+01,5.444553E+01,1.659358E+03,9.180549E+02,8.134188E-02,7.498181E-02,0.000000E+00,0.000000E+00,0.000000E+00,0.000000E+00,0.000000E+00,0.000000E+00,0.000000E+00,0.000000E+00,1.999454E+01,4.976795E+01,2.599611E+01,4.745861E+01
00:50:00,2.114767E+03,6.530892E+02,1.036453E-01,5.334844E-02,0.000000E+00,0.000000E+00,0.000000E+00,0.000000E+00,0.000000E+00,0.000000E+00,0.000000E+00,0.000000E+00,1.999053E+01,4.749132E+01,2.599444E+01,5.464287E+01,1.659342E+03,8.950376E+02,8.134110E-02,7.310184E-02,0.000000E+00,0.000000E+00,0.000000E+00,0.000000E+00,0.000000E+00,0.000000E+00,0.000000E+00,0.000000E+00,1.999454E+01,4.976796E+01,2.599612E+01,4.761279E+01
01:00:00,2.114608E+03,6.403195E+02,1.036375E-01,5.230521E-02,0.000000E+00,0.000000E+00,0.000000E+00,0.000000E+00,0.000000E+00,0.000000E+00,0.000000E+00,0.000000E+00,1.999053E+01,4.749135E+01,2.599447E+01,5.484193E+01,1.659326E+03,8.726733E+02,8.134033E-02,7.127519E-02,0.000000E+00,0.000000E+00,0.000000E+00,0.000000E+00,0.000000E+00,0.000000E+00,0.000000E+00,0.000000E+00,1.999454E+01,4.976797E+01,2.599613E+01,4.776941E+01
01:10:00,2.114620E+03,6.279376E+02,1.036381E-01,5.129368E-02,0.000000E+00,0.000000E+00,0.000000E+00,0.000000E+00,0.000000E+00,0.000000E+00,0.000000E+00,0.000000E+00,1.999053E+01,4.749138E+01,2.599449E+01,5.504209E+01,1.659329E+03,8.509687E+02,8.134045E-02,6.950243E-02,0.000000E+00,0.000000E+00,0.000000E+00,0.000000E+00,0.000000E+00,0.000000E+00,0.000000E+00,0.000000E+00,1.999454E+01,4.976797E+01,2.599614E+01,4.792845E+01
01:20:00,2.114631E+03,6.159183E+02,1.036386E-01,5.031176E-02,0.000000E+00,0.000000E+00,0.000000E+00,0.000000E+00,0.000000E+00,0.000000E+00,0.000000E+00,0.000000E+00,1.999053E+01,4.749142E+01,2.599452E+01,5.524013E+01,1.659331E+03,8.298989E+02,8.134058E-02,6.778152E-02,0.000000E+00,0.000000E+00,0.000000E+00,0.000000E+00,0.000000E+00,0.000000E+00,0.000000E+00,0.000000E+00,1.999454E+01,4.976798E+01,2.599615E+01,4.808934E+01
01:30:00,2.114643E+03,6.042628E+02,1.036392E-01,4.935958E-02,0.000000E+00,0.000000E+00,0.000000E+00,0.000000E+00,0.000000E+00,0.000000E+00,0.000000E+00,0.000000E+00,1.999053E+01,4.749145E+01,2.599454E+01,5.543542E+01,1.659334E+03,8.094317E+02,8.134070E-02,6.610982E-02,0.000000E+00,0.000000E+00,0.000000E+00,0.000000E+00,0.000000E+00,0.000000E+00,0.000000E+00,0.000000E+00,1.999454E+01,4.976798E+01,2.599615E+01,4.825193E+01
01:40:00,2.114654E+03,5.929706E+02,1.036397E-01,4.843707E-02,0.000000E+00,0.000000E+00,0.000000E+00,0.000000E+00,0.000000E+00,0.000000E+00,0.000000E+00,0.000000E+00,1.999053E+01,4.749148E+01,2.599456E+01,5.562920E+01,1.659336E+03,7.895585E+02,8.134081E-02,6.448664E-02,0.000000E+00,0.000000E+00,0.000000E+00,0.000000E+00,0.000000E+00,0.000000E+00,0.000000E+00,0.000000E+00,1.999454E+01,4.976799E+01,2.599616E+01,4.841638E+01
01:50:00,2.114665E+03,5.820400E+02,1.036403E-01,4.754410E-02,0.000000E+00,0.000000E+00,0.000000E+00,0.000000E+00,0.000000E+00,0.000000E+00,0.000000E+00,0.000000E+00,1.999053E+01,4.749151E+01,2.599459E+01,5.582252E+01,1.659339E+03,7.702701E+02,8.134093E-02,6.291122E-02,0.000000E+00,0.000000E+00,0.000000E+00,0.000000E+00,0.000000E+00,0.000000E+00,0.000000E+00,0.000000E+00,1.999454E+01,4.976800E+01,2.599617E+01,4.858282E+01
02:00:00,2.114677E+03,5.714687E+02,1.036409E-01,4.668049E-02,0.000000E+00,0.000000E+00,0.000000E+00,0.000000E+00,0.000000E+00,0.000000E+00,0.000000E+00,0.000000E+00,1.999053E+01,4.749154E+01,2.599461E+01,5.601605E+01,1.659341E+03,7.515568E+02,8.134105E-02,6.138278E-02,0.000000E+00,0.000000E+00,0.000000E+00,0.000000E+00,0.000000E+00,0.000000E+00,0.000000E+00,0.000000E+00,1.999454E+01,4.976800E+01,2.599618E+01,4.875137E+01
02:10:00,2.114688E+03,5.611902E+02,1.036414E-01,4.584080E-02,0.000000E+00,0.000000E+00,0.000000E+00,0.000000E+00,0.000000E+00,0.000000E+00,0.000000E+00,0.000000E+00,1.999053E+01,4.749157E+01,2.599464E+01,5.620975E+01,1.659343E+03,7.333869E+02,8.134116E-02,5.989872E-02,0.000000E+00,0.000000E+00,0.000000E+00,0.000000E+00,0.000000E+00,0.000000E+00,0.000000E+00,0.000000E+00,1.999454E+01,4.976801E+01,2.599620E+01,4.892200E+01
02:20:00,2.114699E+03,5.511865E+02,1.036419E-01,4.502355E-02,0.000000E+00,0.000000E+00,0.000000E+00,0.000000E+00,0.000000E+00,0.000000E+00,0.000000E+00,0.000000E+00,1.999053E+01,4.749160E+01,2.599466E+01,5.640209E+01,1.659345E+03,7.157423E+02,8.134127E-02,5.845757E-02,0.000000E+00,0.000000E+00,0.000000E+00,0.000000E+00,0.000000E+00,0.000000E+00,0.000000E+00,0.000000E+00,1.999454E+01,4.976801E+01,2.599621E+01,4.909441E+01
02:30:00,2.114710E+03,5.414477E+02,1.036425E-01,4.422796E-02,0.000000E+00,0.000000E+00,0.000000E+00,0.000000E+00,0.000000E+00,0.000000E+00,0.000000E+00,0.000000E+00,1.999053E+01,4.749163E+01,2.599468E+01,5.659284E+01,1.659348E+03,6.986061E+02,8.134138E-02,5.705793E-02,0.000000E+00,0.000000E+00,0.000000E+00,0.000000E+00,0.000000E+00,0.000000E+00,0.000000E+00,0.000000E+00,1.999454E+01,4.976802E+01,2.599622E+01,4.926850E+01
02:40:00,2.114721E+03,5.321703E+02,1.036430E-01,4.347005E-02,0.000000E+00,0.000000E+00,0.000000E+00,0.000000E+00,0.000000E+00,0.000000E+00,0.000000E+00,0.000000E+00,1.999053E+01,4.749166E+01,2.599471E+01,5.675642E+01,1.659350E+03,6.821087E+02,8.134149E-02,5.571047E-02,0.000000E+00,0.000000E+00,0.000000E+00,0.000000E+00,0.000000E+00,0.000000E+00,0.000000E+00,0.000000E+00,1.999454E+01,4.976803E+01,2.599623E+01,4.941959E+01
02:50:00,2.114732E+03,5.229782E+02,1.036435E-01,4.272069E-02,0.000000E+00,0.000000E+00,0.000000E+00,0.000000E+00,0.000000E+00,0.000000E+00,0.000000E+00,0.000000E+00,1.999053E+01,4.749169E+01,2.599195E+01,5.690403E+01,1.659352E+03,6.659991E+02,8.134159E-02,5.439608E-02,0.000000E+00,0.000000E+00,0.000000E+00,0.000000E+00,0.000000E+00,0.000000E+00,0.000000E+00,0.000000E+00,1.999454E+01,4.976803E+01,2.599428E+01,4.955780E+01
03:00:00,2.114742E+03,5.141006E+02,1.036441E-01,4.199713E-02,0.000000E+00,0.000000E+00,0.000000E+00,0.000000E+00,0.000000E+00,0.000000E+00,0.000000E+00,0.000000E+00,1.999053E+01,4.749172E+01,2.599175E+01,5.709121E+01,1.659354E+03,6.504301E+02,8.134170E-02,5.312597E-02,0.000000E+00,0.000000E+00,0.000000E+00,0.000000E+00,0.000000E+00,0.000000E+00,0.000000E+00,0.000000E+00,1.999454E+01,4.976804E+01,2.599408E+01,4.973556E+01
03:10:00,2.114753E+03,5.053862E+02,1.036446E-01,4.128689E-02,0.000000E+00,0.000000E+00,0.000000E+00,0.000000E+00,0.000000E+00,0.000000E+00,0.000000E+00,0.000000E+00,1.999053E+01,4.749175E+01,2.599175E+01,5.727878E+01,1.659356E+03,6.353044E+02,8.134180E-02,5.189205E-02,0.000000E+00,0.000000E+00,0.000000E+00,0.000000E+00,0.000000E+00,0.000000E+00,0.000000E+00,0.000000E+00,1.999454E+01,4.976804E+01,2.599406E+01,4.991438E+01
03:20:00,2.114764E+03,4.968306E+02,1.036451E-01,4.058957E-02,0.000000E+00,0.000000E+00,0.000000E+00,0.000000E+00,0.000000E+00,0.000000E+00,0.000000E+00,0.000000E+00,1.999053E+01,4.749178E+01,2.599179E+01,5.746786E+01,1.659358E+03,6.206027E+02,8.134190E-02,5.069272E-02,0.000000E+00,0.000000E+00,0.000000E+00,0.000000E+00,0.000000E+00,0.000000E+00,0.000000E+00,0.000000E+00,1.999454E+01,4.976805E+01,2.599407E+01,5.009512E+01
03:30:00,2.114774E+03,4.884230E+02,1.036456E-01,3.990432E-02,0.000000E+00,0.000000E+00,0.000000E+00,0.000000E+00,0.000000E+00,0.000000E+00,0.000000E+00,0.000000E+00,1.999053E+01,4.749181E+01,2.599183E+01,5.765853E+01,1.659360E+03,6.063061E+02,8.134200E-02,4.952644E-02,0.000000E+00,0.000000E+00,0.000000E+00,0.000000E+00,0.000000E+00,0.000000E+00,0.000000E+00,0.000000E+00,1.999454E+01,4.976805E+01,2.599409E+01,5.027813E+01
03:40:00,2.114785E+03,4.799511E+02,1.036461E-01,3.921379E-02,0.000000E+00,0.000000E+00,0.000000E+00,0.000000E+00,0.000000E+00,0.000000E+00,0.000000E+00,0.000000E+00,1.999053E+01,4.749184E+01,2.599186E+01,5.785058E+01,1.659362E+03,5.922486E+02,8.134210E-02,4.837966E-02,0.000000E+00,0.000000E+00,0.000000E+00,0.000000E+00,0.000000E+00,0.000000E+00,0.000000E+00,0.000000E+00,1.999454E+01,4.976806E+01,2.599410E+01,5.046351E+01
03:50:00,2.114795E+03,4.717773E+02,1.036467E-01,3.854599E-02,0.000000E+00,0.000000E+00,0.000000E+00,0.000000E+00,0.000000E+00,0.000000E+00,0.000000E+00,0.000000E+00,1.999053E+01,4.749187E+01,2.599190E+01,5.804392E+01,1.659364E+03,5.786484E+02,8.134220E-02,4.726881E-02,0.000000E+00,0.000000E+00,0.000000E+00,0.000000E+00,0.000000E+00,0.000000E+00,0.000000E+00,0.000000E+00,1.999454E+01,4.976806E+01,2.599412E+01,5.065131E+01
04:00:00,2.114805E+03,4.636609E+02,1.036472E-01,3.788275E-02,0.000000E+00,0.000000E+00,0.000000E+00,0.000000E+00,0.000000E+00,0.000000E+00,0.000000E+00,0.000000E+00,1.999053E+01,4.749190E+01,2.599194E+01,5.823855E+01,1.659366E+03,5.653221E+02,8.134229E-02,4.618017E-02,0.000000E+00,0.000000E+00,0.000000E+00,0.000000E+00,0.000000E+00,0.000000E+00,0.000000E+00,0.000000E+00,1.999454E+01,4.976807E+01,2.599413E+01,5.084154E+01
04:10:00,2.114816E+03,4.557421E+02,1.036477E-01,3.723564E-02,0.000000E+00,0.000000E+00,0.000000E+00,0.000000E+00,0.000000E+00,0.000000E+00,0.000000E+00,0.000000E+00,1.999053E+01,4.749193E+01,2.599198E+01,5.843454E+01,1.659368E+03,5.523386E+02,8.134239E-02,4.511952E-02,0.000000E+00,0.000000E+00,0.000000E+00,0.000000E+00,0.000000E+00,0.000000E+00,0.000000E+00,0.000000E+00,1.999454E+01,4.976807E+01,2.599415E+01,5.103425E+01
04:20:00,2.114826E+03,4.480156E+02,1.036482E-01,3.660424E-02,0.000000E+00,0.000000E+00,0.000000E+00,0.000000E+00,0.000000E+00,0.000000E+00,0.000000E+00,0.000000E+00,1.999053E+01,4.749195E+01,2.599201E+01,5.862993E+01,1.659370E+03,5.396884E+02,8.134248E-02,4.408608E-02,0.000000E+00,0.000000E+00,0.000000E+00,0.000000E+00,0.000000E+00,0.000000E+00,0.000000E+00,0.000000E+00,1.999454E+01,4.976808E+01,2.599416E+01,5.122903E+01
04:30:00,2.114836E+03,4.404831E+02,1.036487E-01,3.598871E-02,0.000000E+00,0.000000E+00,0.000000E+00,0.000000E+00,0.000000E+00,0.000000E+00,0.000000E+00,0.000000E+00,1.999053E+01,4.749198E+01,2.599205E+01,5.882365E+01,1.659372E+03,5.273664E+02,8.134257E-02,4.307947E-02,0.000000E+00,0.000000E+00,0.000000E+00,0.000000E+00,0.000000E+00,0.000000E+00,0.000000E+00,0.000000E+00,1.999454E+01,4.976808E+01,2.599418E+01,5.142563E+01
04:40:00,2.114846E+03,4.331456E+02,1.036491E-01,3.538911E-02,0.000000E+00,0.000000E+00,0.000000E+00,0.000000E+00,0.000000E+00,0.000000E+00,0.000000E+00,0.000000E+00,1.999053E+01,4.749201E+01,2.599208E+01,5.901578E+01,1.659374E+03,5.153687E+02,8.134267E-02,4.209935E-02,0.000000E+00,0.000000E+00,0.000000E+00,0.000000E+00,0.000000E+00,0.000000E+00,0.000000E+00,0.000000E+00,1.999454E+01,4.976809E+01,2.599420E+01,5.162396E+01
04:50:00,2.114856E+03,4.260140E+02,1.036496E-01,3.480633E-02,0.000000E+00,0.000000E+00,0.000000E+00,0.000000E+00,0.000000E+00,0.000000E+00,0.000000E+00,0.000000E+00,1.999053E+01,4.749204E+01,2.599211E+01,5.920691E+01,1.659376E+03,5.036912E+02,8.134276E-02,4.114538E-02,0.000000E+00,0.000000E+00,0.000000E+00,0.000000E+00,0.000000E+00,0.000000E+00,0.000000E+00,0.000000E+00,1.999454E+01,4.976809E+01,2.599421E+01,5.182407E+01
05:00:00,2.114866E+03,4.190742E+02,1.036501E-01,3.423923E-02,0.000000E+00,0.000000E+00,0.000000E+00,0.000000E+00,0.000000E+00,0.000000E+00,0.000000E+00,0.000000E+00,1.999053E+01,4.749207E+01,2.599215E+01,5.939729E+01,1.659378E+03,4.923296E+02,8.134284E-02,4.021722E-02,0.000000E+00,0.000000E+00,0.000000E+00,0.000000E+00,0.000000E+00,0.000000E+00,0.000000E+00,0.000000E+00,1.999454E+01,4.976810E+01,2.599423E+01,5.202602E+01
05:10:00,2.114876E+03,4.125316E+02,1.036506E-01,3.370459E-02,0.000000E+00,0.000000E+00,0.000000E+00,0.000000E+00,0.000000E+00,0.000000E+00,0.000000E+00,0.000000E+00,1.999053E+01,4.749209E+01,2.599219E+01,5.958767E+01,1.659379E+03,4.813448E+02,8.134293E-02,3.931985E-02,0.000000E+00,0.000000E+00,0.000000E+00,0.000000E+00,0.000000E+00,0.000000E+00,0.000000E+00,0.000000E+00,1.999454E+01,4.976810E+01,2.599425E+01,5.222986E+01
05:20:00,2.114885E+03,4.064260E+02,1.036511E-01,3.320567E-02,0.000000E+00,0.000000E+00,0.000000E+00,0.000000E+00,0.000000E+00,0.000000E+00,0.000000E+00,0.000000E+00,1.999053E+01,4.749212E+01,2.599219E+01,5.976931E+01,1.659381E+03,4.707527E+02,8.134302E-02,3.845455E-02,0.000000E+00,0.000000E+00,0.000000E+00,0.000000E+00,0.000000E+00,0.000000E+00,0.000000E+00,0.000000E+00,1.999454E+01,4.976811E+01,2.599426E+01,5.243361E+01
05:30:00,2.114895E+03,4.007713E+02,1.036516E-01,3.274360E-02,0.000000E+00,0.000000E+00,0.000000E+00,0.000000E+00,0.000000E+00,0.000000E+00,0.000000E+00,0.000000E+00,1.999053E+01,4.749215E+01,2.599220E+01,5.993720E+01,1.659383E+03,4.605636E+02,8.134310E-02,3.762218E-02,0.000000E+00,0.000000E+00,0.000000E+00,0.000000E+00,0.000000E+00,0.000000E+00,0.000000E+00,0.000000E+00,1.999454E+01,4.976811E+01,2.599427E+01,5.263590E+01
05:40:00,2.114905E+03,3.955871E+02,1.036520E-01,3.231999E-02,0.000000E+00,0.000000E+00,0.000000E+00,0.000000E+00,0.000000E+00,0.000000E+00,0.000000E+00,0.000000E+00,1.999053E+01,4.749217E+01,2.599221E+01,6.009183E+01,1.659385E+03,4.507883E+02,8.134319E-02,3.682362E-02,0.000000E+00,0.000000E+00,0.000000E+00,0.000000E+00,0.000000E+00,0.000000E+00,0.000000E+00,0.000000E+00,1.999454E+01,4.976812E+01,2.599428E+01,5.283629E+01
05:50:00,2.114914E+03,3.908773E+02,1.036525E-01,3.193514E-02,0.000000E+00,0.000000E+00,0.000000E+00,0.000000E+00,0.000000E+00,0.000000E+00,0.000000E+00,0.000000E+00,1.999053E+01,4.749220E+01,2.599222E+01,6.023565E+01,1.659386E+03,4.414345E+02,8.134327E-02,3.605949E-02,0.000000E+00,0.000000E+00,0.000000E+00,0.000000E+00,0.000000E+00,0.000000E+00,0.000000E+00,0.000000E+00,1.999454E+01,4.976812E+01,2.599429E+01,5.303484E+01
06:00:00,2.114924E+03,3.866536E+02,1.036530E-01,3.159002E-02,0.000000E+00,0.000000E+00,0.000000E+00,0.000000E+00,0.000000E+00,0.000000E+00,0.000000E+00,0.000000E+00,1.999053E+01,4.749223E+01,2.599223E+01,6.037103E+01,1.659388E+03,4.325097E+02,8.134335E-02,3.533042E-02,0.000000E+00,0.000000E+00,0.000000E+00,0.000000E+00,0.000000E+00,0.000000E+00,0.000000E+00,0.000000E+00,1.999454E+01,4.976812E+01,2.599431E+01,5.323168E+01
06:10:00,2.114933E+03,3.832581E+02,1.036534E-01,3.131258E-02,0.000000E+00,0.000000E+00,0.000000E+00,0.000000E+00,0.000000E+00,0.000000E+00,0.000000E+00,0.000000E+00,1.999053E+01,4.749225E+01,2.599225E+01,6.050013E+01,1.659390E+03,4.241155E+02,8.134343E-02,3.464469E-02,0.000000E+00,0.000000E+00,0.000000E+00,0.000000E+00,0.000000E+00,0.000000E+00,0.000000E+00,0.000000E+00,1.999454E+01,4.976813E+01,2.599432E+01,5.342694E+01
06:20:00,2.114942E+03,3.868205E+02,1.036539E-01,3.160164E-02,0.000000E+00,0.000000E+00,0.000000E+00,0.000000E+00,0.000000E+00,0.000000E+00,0.000000E+00,0.000000E+00,1.999053E+01,4.749228E+01,2.599641E+01,6.048151E+01,1.659391E+03,4.176784E+02,8.134351E-02,3.411734E-02,0.000000E+00,0.000000E+00,0.000000E+00,0.000000E+00,0.000000E+00,0.000000E+00,0.000000E+00,0.000000E+00,1.999454E+01,4.976813E+01,2.599753E+01,5.366895E+01
06:30:00,2.114952E+03,4.063535E+02,1.036543E-01,3.319408E-02,0.000000E+00,0.000000E+00,0.000000E+00,0.000000E+00,0.000000E+00,0.000000E+00,0.000000E+00,0.000000E+00,1.999053E+01,4.749230E+01,2.599818E+01,5.987860E+01,1.659393E+03,4.165489E+02,8.134359E-02,3.402282E-02,0.000000E+00,0.000000E+00,0.000000E+00,0.000000E+00,0.000000E+00,0.000000E+00,0.000000E+00,0.000000E+00,1.999454E+01,4.976814E+01,2.599892E+01,5.367261E+01
06:40:00,2.114961E+03,4.458986E+02,1.036548E-01,3.642074E-02,0.000000E+00,0.000000E+00,0.000000E+00,0.000000E+00,0.000000E+00,0.000000E+00,0.000000E+00,0.000000E+00,1.999053E+01,4.749233E+01,2.599819E+01,5.879997E+01,1.659394E+03,4.238208E+02,8.134367E-02,3.461431E-02,0.000000E+00,0.000000E+00,0.000000E+00,0.000000E+00,0.000000E+00,0.000000E+00,0.000000E+00,0.000000E+00,1.999454E+01,4.976814E+01,2.599901E+01,5.351243E+01
06:50:00,2.114970E+03,5.064506E+02,1.036552E-01,4.136293E-02,0.000000E+00,0.000000E+00,0.000000E+00,0.000000E+00,0.000000E+00,0.000000E+00,0.000000E+00,0.000000E+00,1.999053E+01,4.749235E+01,2.599810E+01,5.680124E+01,1.659396E+03,4.420342E+02,8.134374E-02,3.609932E-02,0.000000E+00,0.000000E+00,0.000000E+00,0.000000E+00,0.000000E+00,0.000000E+00,0.000000E+00,0.000000E+00,1.999454E+01,4.976815E+01,2.599894E+01,5.305424E+01
07:00:00,2.114979E+03,5.878345E+02,1.036557E-01,4.800635E-02,0.000000E+00,0.000000E+00,0.000000E+00,0.000000E+00,0.000000E+00,0.000000E+00,0.000000E+00,0.000000E+00,1.999053E+01,4.749238E+01,2.599807E+01,5.476624E+01,1.659397E+03,4.734499E+02,8.134382E-02,3.866246E-02,0.000000E+00,0.000000E+00,0.000000E+00,0.000000E+00,0.000000E+00,0.000000E+00,0.000000E+00,0.000000E+00,1.999454E+01,4.976815E+01,2.599887E+01,5.233363E+01
07:10:00,2.036857E+03,6.899049E+02,9.982689E-02,5.633885E-02,0.000000E+00,0.000000E+00,0.000000E+00,0.000000E+00,0.000000E+00,0.000000E+00,0.000000E+00,0.000000E+00,1.999053E+01,4.749240E+01,2.599824E+01,5.165593E+01,1.620291E+03,5.203201E+02,7.942679E-02,4.248758E-02,0.000000E+00,0.000000E+00,0.000000E+00,0.000000E+00,0.000000E+00,0.000000E+00,0.000000E+00,0.000000E+00,1.999454E+01,4.976815E+01,2.599888E+01,5.067646E+01
07:20:00,1.958630E+03,8.036891E+02,9.599398E-02,6.562909E-02,0.000000E+00,0.000000E+00,0.000000E+00,0.000000E+00,0.000000E+00,0.000000E+00,0.000000E+00,0.000000E+00,1.999201E+01,4.873297E+01,2.599866E+01,4.811955E+01,1.581143E+03,5.817047E+02,7.750810E-02,4.749924E-02,0.000000E+00,0.000000E+00,0.000000E+00,0.000000E+00,0.000000E+00,0.000000E+00,0.000000E+00,0.000000E+00,1.999511E+01,5.056997E+01,2.599902E+01,4.835368E+01
07:30:00,1.880348E+03,9.187751E+02,9.215924E-02,7.502601E-02,0.000000E+00,0.000000E+00,0.000000E+00,0.000000E+00,0.000000E+00,0.000000E+00,0.000000E+00,0.000000E+00,1.999337E+01,5.021002E+01,2.599896E+01,4.595678E+01,1.541958E+03,6.550858E+02,7.558801E-02,5.349097E-02,0.000000E+00,0.000000E+00,0.000000E+00,0.000000E+00,0.000000E+00,0.000000E+00,0.000000E+00,0.000000E+00,1.999585E+01,5.156726E+01,2.599915E+01,4.653506E+01
07:40:00,1.801984E+03,1.029787E+03,8.832155E-02,8.408989E-02,0.000000E+00,0.000000E+00,0.000000E+00,0.000000E+00,0.000000E+00,0.000000E+00,0.000000E+00,0.000000E+00,1.999491E+01,5.122749E+01,2.599912E+01,4.475654E+01,1.502725E+03,7.379194E+02,7.366614E-02,6.025445E-02,0.000000E+00,0.000000E+00,0.000000E+00,0.000000E+00,0.000000E+00,0.000000E+00,0.000000E+00,0.000000E+00,1.999679E+01,5.230827E+01,2.599926E+01,4.522729E+01
07:50:00,1.723571E+03,1.134519E+03,8.448223E-02,9.264074E-02,0.000000E+00,0.000000E+00,0.000000E+00,0.000000E+00,0.000000E+00,0.000000E+00,0.000000E+00,0.000000E+00,1.999607E+01,5.172392E+01,2.599920E+01,4.408598E+01,1.463462E+03,8.279384E+02,7.174319E-02,6.760449E-02,0.000000E+00,0.000000E+00,0.000000E+00,0.000000E+00,0.000000E+00,0.000000E+00,0.000000E+00,0.000000E+00,1.999755E+01,5.272085E+01,2.599934E+01,4.431097E+01
08:00:00,1.645131E+03,1.232119E+03,8.064202E-02,1.006089E-01,0.000000E+00,0.000000E+00,0.000000E+00,0.000000E+00,0.000000E+00,0.000000E+00,0.000000E+00,0.000000E+00,1.999671E+01,5.190464E+01,2.599925E+01,4.369191E+01,1.424180E+03,9.230212E+02,6.981960E-02,7.536786E-02,0.000000E+00,0.000000E+00,0.000000E+00,0.000000E+00,0.000000E+00,0.000000E+00,0.000000E+00,0.000000E+00,1.999800E+01,5.291112E+01,2.599939E+01,4.367596E+01
08:10:00,1.644808E+03,1.321188E+03,8.063053E-02,1.078805E-01,0.000000E+00,0.000000E+00,0.000000E+00,0.000000E+00,0.000000E+00,0.000000E+00,0.000000E+00,0.000000E+00,1.999698E+01,5.195883E+01,2.599927E+01,4.343919E+01,1.423996E+03,1.020959E+03,6.981270E-02,8.336427E-02,0.000000E+00,0.000000E+00,0.000000E+00,0.000000E+00,0.000000E+00,0.000000E+00,0.000000E+00,0.000000E+00,1.999823E+01,5.299362E+01,2.599943E+01,4.323131E+01
08:20:00,1.644582E+03,1.403809E+03,8.062281E-02,1.146260E-01,0.000000E+00,0.000000E+00,0.000000E+00,0.000000E+00,0.000000E+00,0.000000E+00,0.000000E+00,0.000000E+00,1.999707E+01,5.198140E+01,2.599928E+01,4.325987E+01,1.423845E+03,1.121428E+03,6.980720E-02,9.156735E-02,0.000000E+00,0.000000E+00,0.000000E+00,0.000000E+00,0.000000E+00,0.000000E+00,0.000000E+00,0.000000E+00,1.999833E+01,5.303494E+01,2.599945E+01,4.290996E+01
08:30:00,1.644405E+03,1.480247E+03,8.061668E-02,1.208669E-01,0.000000E+00,0.000000E+00,0.000000E+00,0.000000E+00,0.000000E+00,0.000000E+00,0.000000E+00,0.000000E+00,1.999710E+01,5.199990E+01,2.599929E+01,4.312245E+01,1.423727E+03,1.223596E+03,6.980290E-02,9.990918E-02,0.000000E+00,0.000000E+00,0.000000E+00,0.000000E+00,0.000000E+00,0.000000E+00,0.000000E+00,0.000000E+00,1.999838E+01,5.306132E+01,2.599947E+01,4.266769E+01
08:40:00,1.644306E+03,1.550563E+03,8.061332E-02,1.266083E-01,0.000000E+00,0.000000E+00,0.000000E+00,0.000000E+00,0.000000E+00,0.000000E+00,0.000000E+00,0.000000E+00,1.999713E+01,5.201566E+01,2.599923E+01,4.303786E+01,1.423654E+03,1.326752E+03,6.980023E-02,1.083320E-01,0.000000E+00,0.000000E+00,0.000000E+00,0.000000E+00,0.000000E+00,0.000000E+00,0.000000E+00,0.000000E+00,1.999841E+01,5.307985E+01,2.599941E+01,4.252229E+01
08:50:00,1.644254E+03,1.614761E+03,8.061146E-02,1.318502E-01,0.000000E+00,0.000000E+00,0.000000E+00,0.000000E+00,0.000000E+00,0.000000E+00,0.000000E+00,0.000000E+00,1.999715E+01,5.202638E+01,2.599923E+01,4.293671E+01,1.423609E+03,1.430346E+03,6.979854E-02,1.167905E-01,0.000000E+00,0.000000E+00,0.000000E+00,0.000000E+00,0.000000E+00,0.000000E+00,0.000000E+00,0.000000E+00,1.999843E+01,5.309220E+01,2.599942E+01,4.234422E+01
09:00:00,1.644225E+03,1.672657E+03,8.061038E-02,1.365778E-01,0.000000E+00,0.000000E+00,0.000000E+00,0.000000E+00,0.000000E+00,0.000000E+00,0.000000E+00,0.000000E+00,1.999716E+01,5.203222E+01,2.599915E+01,4.287562E+01,1.423580E+03,1.533965E+03,6.979740E-02,1.252513E-01,0.000000E+00,0.000000E+00,0.000000E+00,0.000000E+00,0.000000E+00,0.000000E+00,0.000000E+00,0.000000E+00,1.999845E+01,5.309968E+01,2.599936E+01,4.223262E+01
09:10:00,1.644210E+03,1.724249E+03,8.060975E-02,1.407909E-01,0.000000E+00,0.000000E+00,0.000000E+00,0.000000E+00,0.000000E+00,0.000000E+00,0.000000E+00,0.000000E+00,1.999716E+01,5.203486E+01,2.599905E+01,4.282453E+01,1.423561E+03,1.636971E+03,6.979660E-02,1.336622E-01,0.000000E+00,0.000000E+00,0.000000E+00,0.000000E+00,0.000000E+00,0.000000E+00,0.000000E+00,0.000000E+00,1.999846E+01,5.310387E+01,2.599928E+01,4.213482E+01
09:20:00,1.644202E+03,1.769316E+03,8.060940E-02,1.444713E-01,0.000000E+00,0.000000E+00,0.000000E+00,0.000000E+00,0.000000E+00,0.000000E+00,0.000000E+00,0.000000E+00,1.999717E+01,5.203596E+01,2.599904E+01,4.276277E+01,1.423548E+03,1.738689E+03,6.979602E-02,1.419680E-01,0.000000E+00,0.000000E+00,0.000000E+00,0.000000E+00,0.000000E+00,0.000000E+00,0.000000E+00,0.000000E+00,1.999846E+01,5.310614E+01,2.599929E+01,4.201290E+01
09:30:00,1.644198E+03,1.807972E+03,8.060926E-02,1.476281E-01,0.000000E+00,0.000000E+00,0.000000E+00,0.000000E+00,0.000000E+00,0.000000E+00,0.000000E+00,0.000000E+00,1.999717E+01,5.203646E+01,2.599905E+01,4.271802E+01,1.423538E+03,1.838688E+03,6.979558E-02,1.501335E-01,0.000000E+00,0.000000E+00,0.000000E+00,0.000000E+00,0.000000E+00,0.000000E+00,0.000000E+00,0.000000E+00,1.999846E+01,5.310739E+01,2.599930E+01,4.191851E+01
09:40:00,1.644197E+03,1.840383E+03,8.060924E-02,1.502753E-01,0.000000E+00,0.000000E+00,0.000000E+00,0.000000E+00,0.000000E+00,0.000000E+00,0.000000E+00,0.000000E+00,1.999717E+01,5.203675E+01,2.599894E+01,4.269315E+01,1.423531E+03,1.936551E+03,6.979526E-02,1.581247E-01,0.000000E+00,0.000000E+00,0.000000E+00,0.000000E+00,0.000000E+00,0.000000E+00,0.000000E+00,0.000000E+00,1.999846E+01,5.310810E+01,2.599921E+01,4.185718E+01
09:50:00,1.644198E+03,1.866802E+03,8.060932E-02,1.524331E-01,0.000000E+00,0.000000E+00,0.000000E+00,0.000000E+00,0.000000E+00,0.000000E+00,0.000000E+00,0.000000E+00,1.999717E+01,5.203696E+01,2.599892E+01,4.266781E+01,1.423525E+03,2.031902E+03,6.979500E-02,1.659108E-01,0.000000E+00,0.000000E+00,0.000000E+00,0.000000E+00,0.000000E+00,0.000000E+00,0.000000E+00,0.000000E+00,1.999846E+01,5.310853E+01,2.599921E+01,4.178631E+01
10:00:00,1.644200E+03,1.887525E+03,8.060945E-02,1.541255E-01,0.000000E+00,0.000000E+00,0.000000E+00,0.000000E+00,0.000000E+00,0.000000E+00,0.000000E+00,0.000000E+00,1.999717E+01,5.203709E+01,2.599904E+01,4.265336E+01,1.423521E+03,2.124436E+03,6.979479E-02,1.734667E-01,0.000000E+00,0.000000E+00,0.000000E+00,0.000000E+00,0.000000E+00,0.000000E+00,0.000000E+00,0.000000E+00,1.999847E+01,5.310880E+01,2.599929E+01,4.173351E+01
10:10:00,1.644204E+03,1.902663E+03,8.060961E-02,1.553618E-01,0.000000E+00,0.000000E+00,0.000000E+00,0.000000E+00,0.000000E+00,0.000000E+00,0.000000E+00,0.000000E+00,1.999717E+01,5.203716E+01,2.599895E+01,4.264595E+01,1.423517E+03,2.213884E+03,6.979462E-02,1.807705E-01,0.000000E+00,0.000000E+00,0.000000E+00,0.000000E+00,0.000000E+00,0.000000E+00,0.000000E+00,0.000000E+00,1.999847E+01,5.310895E+01,2.599922E+01,4.168952E+01
10:20:00,1.644208E+03,1.912286E+03,8.060981E-02,1.561476E-01,0.000000E+00,0.000000E+00,0.000000E+00,0.000000E+00,0.000000E+00,0.000000E+00,0.000000E+00,0.000000E+00,1.999717E+01,5.203720E+01,2.599904E+01,4.264221E+01,1.423514E+03,2.299904E+03,6.979447E-02,1.877943E-01,0.000000E+00,0.000000E+00,0.000000E+00,0.000000E+00,0.000000E+00,0.000000E+00,0.000000E+00,0.000000E+00,1.999847E+01,5.310904E+01,2.599929E+01,4.164487E+01
10:30:00,1.644212E+03,1.916580E+03,8.061002E-02,1.564981E-01,0.000000E+00,0.000000E+00,0.000000E+00,0.000000E+00,0.000000E+00,0.000000E+00,0.000000E+00,0.000000E+00,1.999717E+01,5.203723E+01,2.599907E+01,4.264331E+01,1.423511E+03,2.382168E+03,6.979434E-02,1.945113E-01,0.000000E+00,0.000000E+00,0.000000E+00,0.000000E+00,0.000000E+00,0.000000E+00,0.000000E+00,0.000000E+00,1.999847E+01,5.310909E+01,2.599932E+01,4.159668E+01
10:40:00,1.644217E+03,1.915949E+03,8.061025E-02,1.564463E-01,0.000000E+00,0.000000E+00,0.000000E+00,0.000000E+00,0.000000E+00,0.000000E+00,0.000000E+00,0.000000E+00,1.999717E+01,5.203724E+01,2.599907E+01,4.265101E+01,1.423509E+03,2.460493E+03,6.979423E-02,2.009065E-01,0.000000E+00,0.000000E+00,0.000000E+00,0.000000E+00,0.000000E+00,0.000000E+00,0.000000E+00,0.000000E+00,1.999847E+01,5.310912E+01,2.599933E+01,4.155935E+01
10:50:00,1.644221E+03,1.910550E+03,8.061049E-02,1.560053E-01,0.000000E+00,0.000000E+00,0.000000E+00,0.000000E+00,0.000000E+00,0.000000E+00,0.000000E+00,0.000000E+00,1.999717E+01,5.203726E+01,2.599896E+01,4.266234E+01,1.423507E+03,2.534671E+03,6.979412E-02,2.069633E-01,0.000000E+00,0.000000E+00,0.000000E+00,0.000000E+00,0.000000E+00,0.000000E+00,0.000000E+00,0.000000E+00,1.999847E+01,5.310913E+01,2.599924E+01,4.153350E+01
11:00:00,1.644226E+03,1.900549E+03,8.061073E-02,1.551889E-01,0.000000E+00,0.000000E+00,0.000000E+00,0.000000E+00,0.000000E+00,0.000000E+00,0.000000E+00,0.000000E+00,1.999717E+01,5.203727E+01,2.599894E+01,4.268222E+01,1.423505E+03,2.604331E+03,6.979403E-02,2.126514E-01,0.000000E+00,0.000000E+00,0.000000E+00,0.000000E+00,0.000000E+00,0.000000E+00,0.000000E+00,0.000000E+00,1.999847E+01,5.310914E+01,2.599923E+01,4.150429E+01
11:10:00,1.644232E+03,1.886704E+03,8.061099E-02,1.540584E-01,0.000000E+00,0.000000E+00,0.000000E+00,0.000000E+00,0.000000E+00,0.000000E+00,0.000000E+00,0.000000E+00,1.999717E+01,5.203727E+01,2.599894E+01,4.270575E+01,1.423503E+03,2.669268E+03,6.979394E-02,2.179537E-01,0.000000E+00,0.000000E+00,0.000000E+00,0.000000E+00,0.000000E+00,0.000000E+00,0.000000E+00,0.000000E+00,1.999847E+01,5.310915E+01,2.599923E+01,4.147989E+01
11:20:00,1.644237E+03,1.871703E+03,8.061124E-02,1.528338E-01,0.000000E+00,0.000000E+00,0.000000E+00,0.000000E+00,0.000000E+00,0.000000E+00,0.000000E+00,0.000000E+00,1.999717E+01,5.203728E+01,2.599894E+01,4.272650E+01,1.423501E+03,2.729312E+03,6.979385E-02,2.228566E-01,0.000000E+00,0.000000E+00,0.000000E+00,0.000000E+00,0.000000E+00,0.000000E+00,0.000000E+00,0.000000E+00,1.999847E+01,5.310915E+01,2.599923E+01,4.145950E+01
11:30:00,1.644242E+03,1.857503E+03,8.061150E-02,1.516745E-01,0.000000E+00,0.000000E+00,0.000000E+00,0.000000E+00,0.000000E+00,0.000000E+00,0.000000E+00,0.000000E+00,1.999717E+01,5.203729E+01,2.599893E+01,4.273912E+01,1.423500E+03,2.784221E+03,6.979378E-02,2.273404E-01,0.000000E+00,0.000000E+00,0.000000E+00,0.000000E+00,0.000000E+00,0.000000E+00,0.000000E+00,0.000000E+00,1.999847E+01,5.310915E+01,2.599924E+01,4.144211E+01
11:40:00,1.644248E+03,1.844994E+03,8.061177E-02,1.506537E-01,0.000000E+00,0.000000E+00,0.000000E+00,0.000000E+00,0.000000E+00,0.000000E+00,0.000000E+00,0.000000E+00,1.999717E+01,5.203730E+01,2.599879E+01,4.274447E+01,1.423498E+03,2.833797E+03,6.979371E-02,2.313891E-01,0.000000E+00,0.000000E+00,0.000000E+00,0.000000E+00,0.000000E+00,0.000000E+00,0.000000E+00,0.000000E+00,1.999847E+01,5.310915E+01,2.599913E+01,4.142974E+01
11:50:00,1.644253E+03,1.835080E+03,8.061203E-02,1.498443E-01,0.000000E+00,0.000000E+00,0.000000E+00,0.000000E+00,0.000000E+00,0.000000E+00,0.000000E+00,0.000000E+00,1.999717E+01,5.203731E+01,2.599890E+01,4.274698E+01,1.423497E+03,2.877935E+03,6.979364E-02,2.349931E-01,0.000000E+00,0.000000E+00,0.000000E+00,0.000000E+00,0.000000E+00,0.000000E+00,0.000000E+00,0.000000E+00,1.999847E+01,5.310915E+01,2.599921E+01,4.141739E+01
12:00:00,1.644258E+03,1.828494E+03,8.061230E-02,1.493065E-01,0.000000E+00,0.000000E+00,0.000000E+00,0.000000E+00,0.000000E+00,0.000000E+00,0.000000E+00,0.000000E+00,1.999717E+01,5.203732E+01,2.599893E+01,4.274921E+01,1.423495E+03,2.916733E+03,6.979357E-02,2.381611E-01,0.000000E+00,0.000000E+00,0.000000E+00,0.000000E+00,0.000000E+00,0.000000E+00,0.000000E+00,0.000000E+00,1.999847E+01,5.310915E+01,2.599924E+01,4.140522E+01
12:10:00,1.644264E+03,1.825223E+03,8.061257E-02,1.490395E-01,0.000000E+00,0.000000E+00,0.000000E+00,0.000000E+00,0.000000E+00,0.000000E+00,0.000000E+00,0.000000E+00,1.999717E+01,5.203733E+01,2.599893E+01,4.275090E+01,1.423494E+03,2.950324E+03,6.979351E-02,2.409039E-01,0.000000E+00,0.000000E+00,0.000000E+00,0.000000E+00,0.000000E+00,0.000000E+00,0.000000E+00,0.000000E+00,1.999847E+01,5.310915E+01,2.599924E+01,4.139610E+01
12:20:00,1.644269E+03,1.823433E+03,8.061284E-02,1.488933E-01,0.000000E+00,0.000000E+00,0.000000E+00,0.000000E+00,0.000000E+00,0.000000E+00,0.000000E+00,0.000000E+00,1.999717E+01,5.203733E+01,2.599893E+01,4.275242E+01,1.423493E+03,2.979097E+03,6.979345E-02,2.432533E-01,0.000000E+00,0.000000E+00,0.000000E+00,0.000000E+00,0.000000E+00,0.000000E+00,0.000000E+00,0.000000E+00,1.999847E+01,5.310915E+01,2.599924E+01,4.138898E+01
12:30:00,1.644275E+03,1.822244E+03,8.061310E-02,1.487962E-01,0.000000E+00,0.000000E+00,0.000000E+00,0.000000E+00,0.000000E+00,0.000000E+00,0.000000E+00,0.000000E+00,1.999717E+01,5.203734E+01,2.599893E+01,4.275322E+01,1.423492E+03,3.003589E+03,6.979340E-02,2.452531E-01,0.000000E+00,0.000000E+00,0.000000E+00,0.000000E+00,0.000000E+00,0.000000E+00,0.000000E+00,0.000000E+00,1.999847E+01,5.310914E+01,2.599924E+01,4.138304E+01
12:40:00,1.644280E+03,1.821630E+03,8.061337E-02,1.487461E-01,0.000000E+00,0.000000E+00,0.000000E+00,0.000000E+00,0.000000E+00,0.000000E+00,0.000000E+00,0.000000E+00,1.999717E+01,5.203735E+01,2.599879E+01,4.275302E+01,1.423491E+03,3.024561E+03,6.979334E-02,2.469656E-01,0.000000E+00,0.000000E+00,0.000000E+00,0.000000E+00,0.000000E+00,0.000000E+00,0.000000E+00,0.000000E+00,1.999847E+01,5.310914E+01,2.599914E+01,4.137876E+01
12:50:00,1.644286E+03,1.821315E+03,8.061364E-02,1.487211E-01,0.000000E+00,0.000000E+00,0.000000E+00,0.000000E+00,0.000000E+00,0.000000E+00,0.000000E+00,0.000000E+00,1.999717E+01,5.203736E+01,2.599856E+01,4.275255E+01,1.423490E+03,3.043154E+03,6.979329E-02,2.484845E-01,0.000000E+00,0.000000E+00,0.000000E+00,0.000000E+00,0.000000E+00,0.000000E+00,0.000000E+00,0.000000E+00,1.999847E+01,5.310914E+01,2.599898E+01,4.137462E+01
13:00:00,1.644291E+03,1.821535E+03,8.061391E-02,1.487400E-01,0.000000E+00,0.000000E+00,0.000000E+00,0.000000E+00,0.000000E+00,0.000000E+00,0.000000E+00,0.000000E+00,1.999717E+01,5.203737E+01,2.599849E+01,4.275080E+01,1.423489E+03,3.060627E+03,6.979324E-02,2.499123E-01,0.000000E+00,0.000000E+00,0.000000E+00,0.000000E+00,0.000000E+00,0.000000E+00,0.000000E+00,0.000000E+00,1.999847E+01,5.310914E+01,2.599893E+01,4.136862E+01
13:10:00,1.644297E+03,1.822841E+03,8.061418E-02,1.488475E-01,0.000000E+00,0.000000E+00,0.000000E+00,0.000000E+00,0.000000E+00,0.000000E+00,0.000000E+00,0.000000E+00,1.999717E+01,5.203737E+01,2.599849E+01,4.274724E+01,1.423488E+03,3.078321E+03,6.979320E-02,2.513582E-01,0.000000E+00,0.000000E+00,0.000000E+00,0.000000E+00,0.000000E+00,0.000000E+00,0.000000E+00,0.000000E+00,1.999847E+01,5.310914E+01,2.599893E+01,4.136199E+01
13:20:00,1.644302E+03,1.825747E+03,8.061445E-02,1.490858E-01,0.000000E+00,0.000000E+00,0.000000E+00,0.000000E+00,0.000000E+00,0.000000E+00,0.000000E+00,0.000000E+00,1.999717E+01,5.203738E+01,2.599849E+01,4.274081E+01,1.423487E+03,3.097449E+03,6.979315E-02,2.529212E-01,0.000000E+00,0.000000E+00,0.000000E+00,0.000000E+00,0.000000E+00,0.000000E+00,0.000000E+00,0.000000E+00,1.999847E+01,5.310914E+01,2.599893E+01,4.135452E+01
13:30:00,1.644308E+03,1.830326E+03,8.061471E-02,1.494602E-01,0.000000E+00,0.000000E+00,0.000000E+00,0.000000E+00,0.000000E+00,0.000000E+00,0.000000E+00,0.000000E+00,1.999717E+01,5.203739E+01,2.599868E+01,4.273142E+01,1.423486E+03,3.118998E+03,6.979311E-02,2.546813E-01,0.000000E+00,0.000000E+00,0.000000E+00,0.000000E+00,0.000000E+00,0.000000E+00,0.000000E+00,0.000000E+00,1.999847E+01,5.310914E+01,2.599907E+01,4.134592E+01
13:40:00,1.644313E+03,1.836949E+03,8.061498E-02,1.500007E-01,0.000000E+00,0.000000E+00,0.000000E+00,0.000000E+00,0.000000E+00,0.000000E+00,0.000000E+00,0.000000E+00,1.999717E+01,5.203740E+01,2.599889E+01,4.271888E+01,1.423485E+03,3.143592E+03,6.979307E-02,2.566892E-01,0.000000E+00,0.000000E+00,0.000000E+00,0.000000E+00,0.000000E+00,0.000000E+00,0.000000E+00,0.000000E+00,1.999847E+01,5.310914E+01,2.599921E+01,4.133639E+01
13:50:00,1.644318E+03,1.846013E+03,8.061524E-02,1.507399E-01,0.000000E+00,0.000000E+00,0.000000E+00,0.000000E+00,0.000000E+00,0.000000E+00,0.000000E+00,0.000000E+00,1.999717E+01,5.203741E+01,2.599904E+01,4.270341E+01,1.423484E+03,3.171415E+03,6.979303E-02,2.589599E-01,0.000000E+00,0.000000E+00,0.000000E+00,0.000000E+00,0.000000E+00,0.000000E+00,0.000000E+00,0.000000E+00,1.999847E+01,5.310914E+01,2.599932E+01,4.132609E+01
14:00:00,1.644324E+03,1.857522E+03,8.061551E-02,1.516783E-01,0.000000E+00,0.000000E+00,0.000000E+00,0.000000E+00,0.000000E+00,0.000000E+00,0.000000E+00,0.000000E+00,1.999717E+01,5.203742E+01,2.599915E+01,4.268571E+01,1.423484E+03,3.202288E+03,6.979299E-02,2.614791E-01,0.000000E+00,0.000000E+00,0.000000E+00,0.000000E+00,0.000000E+00,0.000000E+00,0.000000E+00,0.000000E+00,1.999847E+01,5.310914E+01,2.599940E+01,4.131535E+01
14:10:00,1.644329E+03,1.872602E+03,8.061577E-02,1.529082E-01,0.000000E+00,0.000000E+00,0.000000E+00,0.000000E+00,0.000000E+00,0.000000E+00,0.000000E+00,0.000000E+00,1.999717E+01,5.203742E+01,2.599916E+01,4.265837E+01,1.423483E+03,3.235738E+03,6.979295E-02,2.642087E-01,0.000000E+00,0.000000E+00,0.000000E+00,0.000000E+00,0.000000E+00,0.000000E+00,0.000000E+00,0.000000E+00,1.999847E+01,5.310913E+01,2.599941E+01,4.130315E+01
14:20:00,1.644335E+03,1.892675E+03,8.061603E-02,1.545459E-01,0.000000E+00,0.000000E+00,0.000000E+00,0.000000E+00,0.000000E+00,0.000000E+00,0.000000E+00,0.000000E+00,1.999717E+01,5.203743E+01,2.599916E+01,4.262398E+01,1.423482E+03,3.271156E+03,6.979292E-02,2.670989E-01,0.000000E+00,0.000000E+00,0.000000E+00,0.000000E+00,0.000000E+00,0.000000E+00,0.000000E+00,0.000000E+00,1.999847E+01,5.310913E+01,2.599941E+01,4.129221E+01
14:30:00,1.644340E+03,1.918557E+03,8.061629E-02,1.566582E-01,0.000000E+00,0.000000E+00,0.000000E+00,0.000000E+00,0.000000E+00,0.000000E+00,0.000000E+00,0.000000E+00,1.999717E+01,5.203744E+01,2.599916E+01,4.258148E+01,1.423481E+03,3.307911E+03,6.979288E-02,2.700988E-01,0.000000E+00,0.000000E+00,0.000000E+00,0.000000E+00,0.000000E+00,0.000000E+00,0.000000E+00,0.000000E+00,1.999847E+01,5.310913E+01,2.599941E+01,4.128181E+01
14:40:00,1.644345E+03,1.950114E+03,8.061655E-02,1.592344E-01,0.000000E+00,0.000000E+00,0.000000E+00,0.000000E+00,0.000000E+00,0.000000E+00,0.000000E+00,0.000000E+00,1.999717E+01,5.203745E+01,2.599916E+01,4.253409E+01,1.423481E+03,3.345330E+03,6.979285E-02,2.731534E-01,0.000000E+00,0.000000E+00,0.000000E+00,0.000000E+00,0.000000E+00,0.000000E+00,0.000000E+00,0.000000E+00,1.999847E+01,5.310913E+01,2.599941E+01,4.127185E+01
14:50:00,1.644350E+03,1.987337E+03,8.061681E-02,1.622735E-01,0.000000E+00,0.000000E+00,0.000000E+00,0.000000E+00,0.000000E+00,0.000000E+00,0.000000E+00,0.000000E+00,1.999717E+01,5.203746E+01,2.599916E+01,4.248524E+01,1.423480E+03,3.382691E+03,6.979282E-02,2.762036E-01,0.000000E+00,0.000000E+00,0.000000E+00,0.000000E+00,0.000000E+00,0.000000E+00,0.000000E+00,0.000000E+00,1.999847E+01,5.310913E+01,2.599941E+01,4.126248E+01
15:00:00,1.644356E+03,2.030125E+03,8.061707E-02,1.657673E-01,0.000000E+00,0.000000E+00,0.000000E+00,0.000000E+00,0.000000E+00,0.000000E+00,0.000000E+00,0.000000E+00,1.999717E+01,5.203746E+01,2.599916E+01,4.243679E+01,1.423479E+03,3.419323E+03,6.979279E-02,2.791947E-01,0.000000E+00,0.000000E+00,0.000000E+00,0.000000E+00,0.000000E+00,0.000000E+00,0.000000E+00,0.000000E+00,1.999847E+01,5.310913E+01,2.599941E+01,4.125381E+01
15:10:00,1.644361E+03,2.076392E+03,8.061733E-02,1.695452E-01,0.000000E+00,0.000000E+00,0.000000E+00,0.000000E+00,0.000000E+00,0.000000E+00,0.000000E+00,0.000000E+00,1.999717E+01,5.203747E+01,2.599916E+01,4.239084E+01,1.423479E+03,3.454638E+03,6.979276E-02,2.820782E-01,0.000000E+00,0.000000E+00,0.000000E+00,0.000000E+00,0.000000E+00,0.000000E+00,0.000000E+00,0.000000E+00,1.999847E+01,5.310913E+01,2.599941E+01,4.124594E+01
15:20:00,1.644366E+03,2.123766E+03,8.061758E-02,1.734135E-01,0.000000E+00,0.000000E+00,0.000000E+00,0.000000E+00,0.000000E+00,0.000000E+00,0.000000E+00,0.000000E+00,1.999717E+01,5.203748E+01,2.599916E+01,4.234880E+01,1.423478E+03,3.488065E+03,6.979273E-02,2.848075E-01,0.000000E+00,0.000000E+00,0.000000E+00,0.000000E+00,0.000000E+00,0.000000E+00,0.000000E+00,0.000000E+00,1.999847E+01,5.310913E+01,2.599941E+01,4.123895E+01
15:30:00,1.644371E+03,2.170717E+03,8.061783E-02,1.772472E-01,0.000000E+00,0.000000E+00,0.000000E+00,0.000000E+00,0.000000E+00,0.000000E+00,0.000000E+00,0.000000E+00,1.999717E+01,5.203749E+01,2.599916E+01,4.231052E+01,1.423478E+03,3.519043E+03,6.979270E-02,2.873370E-01,0.000000E+00,0.000000E+00,0.000000E+00,0.000000E+00,0.000000E+00,0.000000E+00,0.000000E+00,0.000000E+00,1.999847E+01,5.310913E+01,2.599942E+01,4.123288E+01
15:40:00,1.644376E+03,2.216540E+03,8.061809E-02,1.809888E-01,0.000000E+00,0.000000E+00,0.000000E+00,0.000000E+00,0.000000E+00,0.000000E+00,0.000000E+00,0.000000E+00,1.999717E+01,5.203749E+01,2.599916E+01,4.227540E+01,1.423477E+03,3.547214E+03,6.979268E-02,2.896371E-01,0.000000E+00,0.000000E+00,0.000000E+00,0.000000E+00,0.000000E+00,0.000000E+00,0.000000E+00,0.000000E+00,1.999847E+01,5.310913E+01,2.599942E+01,4.122771E+01
15:50:00,1.644382E+03,2.260520E+03,8.061834E-02,1.845802E-01,0.000000E+00,0.000000E+00,0.000000E+00,0.000000E+00,0.000000E+00,0.000000E+00,0.000000E+00,0.000000E+00,1.999717E+01,5.203750E+01,2.599907E+01,4.224897E+01,1.423477E+03,3.572237E+03,6.979265E-02,2.916806E-01,0.000000E+00,0.000000E+00,0.000000E+00,0.000000E+00,0.000000E+00,0.000000E+00,0.000000E+00,0.000000E+00,1.999847E+01,5.310913E+01,2.599935E+01,4.122411E+01
16:00:00,1.644387E+03,2.301915E+03,8.061859E-02,1.879605E-01,0.000000E+00,0.000000E+00,0.000000E+00,0.000000E+00,0.000000E+00,0.000000E+00,0.000000E+00,0.000000E+00,1.999717E+01,5.203751E+01,2.599906E+01,4.221715E+01,1.423476E+03,3.593683E+03,6.979263E-02,2.934320E-01,0.000000E+00,0.000000E+00,0.000000E+00,0.000000E+00,0.000000E+00,0.000000E+00,0.000000E+00,0.000000E+00,1.999847E+01,5.310913E+01,2.599934E+01,4.122059E+01
16:10:00,1.644392E+03,2.340352E+03,8.061884E-02,1.910993E-01,0.000000E+00,0.000000E+00,0.000000E+00,0.000000E+00,0.000000E+00,0.000000E+00,0.000000E+00,0.000000E+00,1.999717E+01,5.203752E+01,2.599906E+01,4.219095E+01,1.423476E+03,3.611609E+03,6.979261E-02,2.948960E-01,0.000000E+00,0.000000E+00,0.000000E+00,0.000000E+00,0.000000E+00,0.000000E+00,0.000000E+00,0.000000E+00,1.999847E+01,5.310913E+01,2.599934E+01,4.121811E+01
16:20:00,1.644397E+03,2.375485E+03,8.061908E-02,1.939686E-01,0.000000E+00,0.000000E+00,0.000000E+00,0.000000E+00,0.000000E+00,0.000000E+00,0.000000E+00,0.000000E+00,1.999717E+01,5.203753E+01,2.599895E+01,4.217369E+01,1.423475E+03,3.625695E+03,6.979258E-02,2.960467E-01,0.000000E+00,0.000000E+00,0.000000E+00,0.000000E+00,0.000000E+00,0.000000E+00,0.000000E+00,0.000000E+00,1.999847E+01,5.310913E+01,2.599927E+01,4.121702E+01
16:30:00,1.644402E+03,2.406869E+03,8.061933E-02,1.965319E-01,0.000000E+00,0.000000E+00,0.000000E+00,0.000000E+00,0.000000E+00,0.000000E+00,0.000000E+00,0.000000E+00,1.999717E+01,5.203753E+01,2.599892E+01,4.215489E+01,1.423475E+03,3.635550E+03,6.979256E-02,2.968521E-01,0.000000E+00,0.000000E+00,0.000000E+00,0.000000E+00,0.000000E+00,0.000000E+00,0.000000E+00,0.000000E+00,1.999847E+01,5.310913E+01,2.599925E+01,4.121665E+01
16:40:00,1.644407E+03,2.433896E+03,8.061958E-02,1.987398E-01,0.000000E+00,0.000000E+00,0.000000E+00,0.000000E+00,0.000000E+00,0.000000E+00,0.000000E+00,0.000000E+00,1.999717E+01,5.203754E+01,2.599878E+01,4.214347E+01,1.423475E+03,3.640735E+03,6.979254E-02,2.972766E-01,0.000000E+00,0.000000E+00,0.000000E+00,0.000000E+00,0.000000E+00,0.000000E+00,0.000000E+00,0.000000E+00,1.999847E+01,5.310913E+01,2.599915E+01,4.121778E+01
16:50:00,1.644412E+03,2.456176E+03,8.061982E-02,2.005600E-01,0.000000E+00,0.000000E+00,0.000000E+00,0.000000E+00,0.000000E+00,0.000000E+00,0.000000E+00,0.000000E+00,1.999717E+01,5.203755E+01,2.599875E+01,4.213279E+01,1.423474E+03,3.640871E+03,6.979252E-02,2.972887E-01,0.000000E+00,0.000000E+00,0.000000E+00,0.000000E+00,0.000000E+00,0.000000E+00,0.000000E+00,0.000000E+00,1.999847E+01,5.310913E+01,2.599912E+01,4.122026E+01
17:00:00,1.644417E+03,2.473051E+03,8.062006E-02,2.019388E-01,0.000000E+00,0.000000E+00,0.000000E+00,0.000000E+00,0.000000E+00,0.000000E+00,0.000000E+00,0.000000E+00,1.999717E+01,5.203756E+01,2.599875E+01,4.212687E+01,1.423474E+03,3.635547E+03,6.979251E-02,2.968548E-01,0.000000E+00,0.000000E+00,0.000000E+00,0.000000E+00,0.000000E+00,0.000000E+00,0.000000E+00,0.000000E+00,1.999847E+01,5.310912E+01,2.599912E+01,4.122422E+01
17:10:00,1.644422E+03,2.484029E+03,8.062030E-02,2.028361E-01,0.000000E+00,0.000000E+00,0.000000E+00,0.000000E+00,0.000000E+00,0.000000E+00,0.000000E+00,0.000000E+00,1.999717E+01,5.203756E+01,2.599875E+01,4.212650E+01,1.423473E+03,3.623986E+03,6.979249E-02,2.959118E-01,0.000000E+00,0.000000E+00,0.000000E+00,0.000000E+00,0.000000E+00,0.000000E+00,0.000000E+00,0.000000E+00,1.999847E+01,5.310912E+01,2.599912E+01,4.122985E+01
17:20:00,1.644427E+03,2.488672E+03,8.062054E-02,2.032157E-01,0.000000E+00,0.000000E+00,0.000000E+00,0.000000E+00,0.000000E+00,0.000000E+00,0.000000E+00,0.000000E+00,1.999717E+01,5.203757E+01,2.599875E+01,4.213148E+01,1.423473E+03,3.605958E+03,6.979247E-02,2.944403E-01,0.000000E+00,0.000000E+00,0.000000E+00,0.000000E+00,0.000000E+00,0.000000E+00,0.000000E+00,0.000000E+00,1.999847E+01,5.310912E+01,2.599912E+01,4.123718E+01
17:30:00,1.644431E+03,2.486621E+03,8.062078E-02,2.030488E-01,0.000000E+00,0.000000E+00,0.000000E+00,0.000000E+00,0.000000E+00,0.000000E+00,0.000000E+00,0.000000E+00,1.999717E+01,5.203758E+01,2.599875E+01,4.214153E+01,1.423473E+03,3.581370E+03,6.979246E-02,2.924331E-01,0.000000E+00,0.000000E+00,0.000000E+00,0.000000E+00,0.000000E+00,0.000000E+00,0.000000E+00,0.000000E+00,1.999847E+01,5.310912E+01,2.599912E+01,4.124622E+01
17:40:00,1.644436E+03,2.477535E+03,8.062102E-02,2.023069E-01,0.000000E+00,0.000000E+00,0.000000E+00,0.000000E+00,0.000000E+00,0.000000E+00,0.000000E+00,0.000000E+00,1.999717E+01,5.203758E+01,2.599876E+01,4.215670E+01,1.423472E+03,3.550099E+03,6.979244E-02,2.898798E-01,0.000000E+00,0.000000E+00,0.000000E+00,0.000000E+00,0.000000E+00,0.000000E+00,0.000000E+00,0.000000E+00,1.999847E+01,5.310912E+01,2.599912E+01,4.125707E+01
17:50:00,1.644441E+03,2.460777E+03,8.062125E-02,2.009384E-01,0.000000E+00,0.000000E+00,0.000000E+00,0.000000E+00,0.000000E+00,0.000000E+00,0.000000E+00,0.000000E+00,1.999717E+01,5.203759E+01,2.599876E+01,4.217770E+01,1.423472E+03,3.511906E+03,6.979243E-02,2.867612E-01,0.000000E+00,0.000000E+00,0.000000E+00,0.000000E+00,0.000000E+00,0.000000E+00,0.000000E+00,0.000000E+00,1.999847E+01,5.310912E+01,2.599912E+01,4.126998E+01
18:00:00,1.644446E+03,2.435863E+03,8.062149E-02,1.989041E-01,0.000000E+00,0.000000E+00,0.000000E+00,0.000000E+00,0.000000E+00,0.000000E+00,0.000000E+00,0.000000E+00,1.999717E+01,5.203760E+01,2.599876E+01,4.220588E+01,1.423472E+03,3.466644E+03,6.979241E-02,2.830653E-01,0.000000E+00,0.000000E+00,0.000000E+00,0.000000E+00,0.000000E+00,0.000000E+00,0.000000E+00,0.000000E+00,1.999847E+01,5.310912E+01,2.599913E+01,4.128530E+01
18:10:00,1.722582E+03,2.401558E+03,8.445222E-02,1.961028E-01,0.000000E+00,0.000000E+00,0.000000E+00,0.000000E+00,0.000000E+00,0.000000E+00,0.000000E+00,0.000000E+00,1.999717E+01,5.203761E+01,2.599877E+01,4.224398E+01,1.462580E+03,3.413820E+03,7.170987E-02,2.787520E-01,0.000000E+00,0.000000E+00,0.000000E+00,0.000000E+00,0.000000E+00,0.000000E+00,0.000000E+00,0.000000E+00,1.999847E+01,5.310912E+01,2.599913E+01,4.130359E+01
18:20:00,1.800763E+03,2.355966E+03,8.828473E-02,1.923791E-01,0.000000E+00,0.000000E+00,0.000000E+00,0.000000E+00,0.000000E+00,0.000000E+00,0.000000E+00,0.000000E+00,1.999664E+01,5.041764E+01,2.599905E+01,4.229282E+01,1.501705E+03,3.352502E+03,7.362805E-02,2.737444E-01,0.000000E+00,0.000000E+00,0.000000E+00,0.000000E+00,0.000000E+00,0.000000E+00,0.000000E+00,0.000000E+00,1.999829E+01,5.214611E+01,2.599932E+01,4.132482E+01
18:30:00,1.879057E+03,2.296485E+03,9.212118E-02,1.875209E-01,0.000000E+00,0.000000E+00,0.000000E+00,0.000000E+00,0.000000E+00,0.000000E+00,0.000000E+00,0.000000E+00,1.999483E+01,4.871125E+01,2.599926E+01,4.236009E+01,1.540890E+03,3.281459E+03,7.554851E-02,2.679423E-01,0.000000E+00,0.000000E+00,0.000000E+00,0.000000E+00,0.000000E+00,0.000000E+00,0.000000E+00,0.000000E+00,1.999737E+01,5.102484E+01,2.599947E+01,4.135097E+01
18:40:00,1.957449E+03,2.219770E+03,9.596060E-02,1.812553E-01,0.000000E+00,0.000000E+00,0.000000E+00,0.000000E+00,0.000000E+00,0.000000E+00,0.000000E+00,0.000000E+00,1.999267E+01,4.776740E+01,2.599936E+01,4.245276E+01,1.580129E+03,3.199630E+03,7.747087E-02,2.612593E-01,0.000000E+00,0.000000E+00,0.000000E+00,0.000000E+00,0.000000E+00,0.000000E+00,0.000000E+00,0.000000E+00,1.999619E+01,5.027951E+01,2.599953E+01,4.138286E+01
18:50:00,2.035892E+03,2.121427E+03,9.980127E-02,1.732237E-01,0.000000E+00,0.000000E+00,0.000000E+00,0.000000E+00,0.000000E+00,0.000000E+00,0.000000E+00,0.000000E+00,1.999124E+01,4.748256E+01,2.599937E+01,4.261090E+01,1.619402E+03,3.105120E+03,7.939424E-02,2.535409E-01,0.000000E+00,0.000000E+00,0.000000E+00,0.000000E+00,0.000000E+00,0.000000E+00,0.000000E+00,0.000000E+00,1.999530E+01,4.993961E+01,2.599954E+01,4.142850E+01
19:00:00,2.114356E+03,2.000945E+03,1.036425E-01,1.633844E-01,0.000000E+00,0.000000E+00,0.000000E+00,0.000000E+00,0.000000E+00,0.000000E+00,0.000000E+00,0.000000E+00,1.999066E+01,4.748007E+01,2.599938E+01,4.280731E+01,1.658691E+03,2.995905E+03,8.131814E-02,2.446217E-01,0.000000E+00,0.000000E+00,0.000000E+00,0.000000E+00,0.000000E+00,0.000000E+00,0.000000E+00,0.000000E+00,1.999483E+01,4.983263E+01,2.599954E+01,4.148125E+01
19:10:00,2.114698E+03,1.876743E+03,1.036535E-01,1.532421E-01,0.000000E+00,0.000000E+00,0.000000E+00,0.000000E+00,0.000000E+00,0.000000E+00,0.000000E+00,0.000000E+00,1.999054E+01,4.751709E+01,2.599904E+01,4.451097E+01,1.658881E+03,2.877408E+03,8.132487E-02,2.349455E-01,0.000000E+00,0.000000E+00,0.000000E+00,0.000000E+00,0.000000E+00,0.000000E+00,0.000000E+00,0.000000E+00,1.999465E+01,4.980952E+01,2.599929E+01,4.222040E+01
19:20:00,2.114999E+03,1.749829E+03,1.036630E-01,1.428796E-01,0.000000E+00,0.000000E+00,0.000000E+00,0.000000E+00,0.000000E+00,0.000000E+00,0.000000E+00,0.000000E+00,1.999056E+01,4.752411E+01,2.599861E+01,4.659629E+01,1.659060E+03,2.749439E+03,8.133111E-02,2.244973E-01,0.000000E+00,0.000000E+00,0.000000E+00,0.000000E+00,0.000000E+00,0.000000E+00,0.000000E+00,0.000000E+00,1.999460E+01,4.980093E+01,2.599904E+01,4.296315E+01
19:30:00,2.115193E+03,1.627526E+03,1.036688E-01,1.328946E-01,0.000000E+00,0.000000E+00,0.000000E+00,0.000000E+00,0.000000E+00,0.000000E+00,0.000000E+00,0.000000E+00,1.999057E+01,4.751173E+01,2.599846E+01,4.759495E+01,1.659182E+03,2.616701E+03,8.133522E-02,2.136603E-01,0.000000E+00,0.000000E+00,0.000000E+00,0.000000E+00,0.000000E+00,0.000000E+00,0.000000E+00,0.000000E+00,1.999458E+01,4.979053E+01,2.599897E+01,4.325592E+01
19:40:00,2.115291E+03,1.516532E+03,1.036718E-01,1.238330E-01,0.000000E+00,0.000000E+00,0.000000E+00,0.000000E+00,0.000000E+00,0.000000E+00,0.000000E+00,0.000000E+00,1.999055E+01,4.749934E+01,2.599842E+01,4.813552E+01,1.659252E+03,2.483633E+03,8.133758E-02,2.027965E-01,0.000000E+00,0.000000E+00,0.000000E+00,0.000000E+00,0.000000E+00,0.000000E+00,0.000000E+00,0.000000E+00,1.999457E+01,4.978044E+01,2.599897E+01,4.343071E+01
19:50:00,2.115342E+03,1.424219E+03,1.036737E-01,1.162970E-01,0.000000E+00,0.000000E+00,0.000000E+00,0.000000E+00,0.000000E+00,0.000000E+00,0.000000E+00,0.000000E+00,1.999054E+01,4.749364E+01,2.599829E+01,4.842602E+01,1.659292E+03,2.355417E+03,8.133900E-02,1.923290E-01,0.000000E+00,0.000000E+00,0.000000E+00,0.000000E+00,0.000000E+00,0.000000E+00,0.000000E+00,0.000000E+00,1.999456E+01,4.977363E+01,2.599889E+01,4.355597E+01
20:00:00,2.115372E+03,1.353932E+03,1.036751E-01,1.105596E-01,0.000000E+00,0.000000E+00,0.000000E+00,0.000000E+00,0.000000E+00,0.000000E+00,0.000000E+00,0.000000E+00,1.999053E+01,4.749273E+01,2.599812E+01,4.868429E+01,1.659316E+03,2.237260E+03,8.133998E-02,1.826831E-01,0.000000E+00,0.000000E+00,0.000000E+00,0.000000E+00,0.000000E+00,0.000000E+00,0.000000E+00,0.000000E+00,1.999455E+01,4.977024E+01,2.599878E+01,4.368264E+01
20:10:00,2.115396E+03,1.290803E+03,1.036762E-01,1.054061E-01,0.000000E+00,0.000000E+00,0.000000E+00,0.000000E+00,0.000000E+00,0.000000E+00,0.000000E+00,0.000000E+00,1.999053E+01,4.749334E+01,2.599807E+01,4.903896E+01,1.659332E+03,2.126921E+03,8.134070E-02,1.736748E-01,0.000000E+00,0.000000E+00,0.000000E+00,0.000000E+00,0.000000E+00,0.000000E+00,0.000000E+00,0.000000E+00,1.999455E+01,4.976894E+01,2.599874E+01,4.385156E+01
20:20:00,2.115414E+03,1.237679E+03,1.036771E-01,1.010691E-01,0.000000E+00,0.000000E+00,0.000000E+00,0.000000E+00,0.000000E+00,0.000000E+00,0.000000E+00,0.000000E+00,1.999053E+01,4.749380E+01,2.599788E+01,4.926805E+01,1.659344E+03,2.027898E+03,8.134125E-02,1.655899E-01,0.000000E+00,0.000000E+00,0.000000E+00,0.000000E+00,0.000000E+00,0.000000E+00,0.000000E+00,0.000000E+00,1.999454E+01,4.976854E+01,2.599862E+01,4.397297E+01
20:30:00,2.115429E+03,1.191578E+03,1.036778E-01,9.730556E-02,0.000000E+00,0.000000E+00,0.000000E+00,0.000000E+00,0.000000E+00,0.000000E+00,0.000000E+00,0.000000E+00,1.999053E+01,4.749387E+01,2.599760E+01,4.947476E+01,1.659353E+03,1.938918E+03,8.134168E-02,1.583254E-01,0.000000E+00,0.000000E+00,0.000000E+00,0.000000E+00,0.000000E+00,0.000000E+00,0.000000E+00,0.000000E+00,1.999454E+01,4.976839E+01,2.599843E+01,4.409039E+01
20:40:00,2.115441E+03,1.150793E+03,1.036783E-01,9.397624E-02,0.000000E+00,0.000000E+00,0.000000E+00,0.000000E+00,0.000000E+00,0.000000E+00,0.000000E+00,0.000000E+00,1.999053E+01,4.749379E+01,2.599752E+01,4.976627E+01,1.659360E+03,1.858655E+03,8.134202E-02,1.517725E-01,0.000000E+00,0.000000E+00,0.000000E+00,0.000000E+00,0.000000E+00,0.000000E+00,0.000000E+00,0.000000E+00,1.999454E+01,4.976828E+01,2.599838E+01,4.424996E+01
20:50:00,2.115451E+03,1.114269E+03,1.036788E-01,9.099496E-02,0.000000E+00,0.000000E+00,0.000000E+00,0.000000E+00,0.000000E+00,0.000000E+00,0.000000E+00,0.000000E+00,1.999053E+01,4.749372E+01,2.599721E+01,4.996699E+01,1.659366E+03,1.785900E+03,8.134230E-02,1.458330E-01,0.000000E+00,0.000000E+00,0.000000E+00,0.000000E+00,0.000000E+00,0.000000E+00,0.000000E+00,0.000000E+00,1.999454E+01,4.976820E+01,2.599817E+01,4.436625E+01
21:00:00,2.115461E+03,1.081241E+03,1.036793E-01,8.829950E-02,0.000000E+00,0.000000E+00,0.000000E+00,0.000000E+00,0.000000E+00,0.000000E+00,0.000000E+00,0.000000E+00,1.999053E+01,4.749371E+01,2.599671E+01,5.014460E+01,1.659371E+03,1.719543E+03,8.134254E-02,1.404162E-01,0.000000E+00,0.000000E+00,0.000000E+00,0.000000E+00,0.000000E+00,0.000000E+00,0.000000E+00,0.000000E+00,1.999454E+01,4.976814E+01,2.599785E+01,4.447438E+01
21:10:00,2.115469E+03,1.050976E+03,1.036797E-01,8.582974E-02,0.000000E+00,0.000000E+00,0.000000E+00,0.000000E+00,0.000000E+00,0.000000E+00,0.000000E+00,0.000000E+00,1.999053E+01,4.749373E+01,2.599653E+01,5.039793E+01,1.659376E+03,1.658605E+03,8.134275E-02,1.354420E-01,0.000000E+00,0.000000E+00,0.000000E+00,0.000000E+00,0.000000E+00,0.000000E+00,0.000000E+00,0.000000E+00,1.999454E+01,4.976812E+01,2.599771E+01,4.462480E+01
21:20:00,2.115477E+03,1.022972E+03,1.036801E-01,8.354433E-02,0.000000E+00,0.000000E+00,0.000000E+00,0.000000E+00,0.000000E+00,0.000000E+00,0.000000E+00,0.000000E+00,1.999053E+01,4.749376E+01,2.599652E+01,5.063777E+01,1.659380E+03,1.602304E+03,8.134295E-02,1.308462E-01,0.000000E+00,0.000000E+00,0.000000E+00,0.000000E+00,0.000000E+00,0.000000E+00,0.000000E+00,0.000000E+00,1.999454E+01,4.976812E+01,2.599770E+01,4.476716E+01
21:30:00,2.115485E+03,9.968470E+02,1.036805E-01,8.141197E-02,0.000000E+00,0.000000E+00,0.000000E+00,0.000000E+00,0.000000E+00,0.000000E+00,0.000000E+00,0.000000E+00,1.999053E+01,4.749379E+01,2.599652E+01,5.085380E+01,1.659383E+03,1.549962E+03,8.134313E-02,1.265732E-01,0.000000E+00,0.000000E+00,0.000000E+00,0.000000E+00,0.000000E+00,0.000000E+00,0.000000E+00,0.000000E+00,1.999454E+01,4.976812E+01,2.599770E+01,4.489917E+01
21:40:00,2.115492E+03,9.723862E+02,1.036808E-01,7.941598E-02,0.000000E+00,0.000000E+00,0.000000E+00,0.000000E+00,0.000000E+00,0.000000E+00,0.000000E+00,0.000000E+00,1.999053E+01,4.749381E+01,2.599598E+01,5.100946E+01,1.659387E+03,1.501064E+03,8.134330E-02,1.225818E-01,0.000000E+00,0.000000E+00,0.000000E+00,0.000000E+00,0.000000E+00,0.000000E+00,0.000000E+00,0.000000E+00,1.999454E+01,4.976813E+01,2.599735E+01,4.499906E+01
21:50:00,2.115499E+03,9.492189E+02,1.036812E-01,7.752555E-02,0.000000E+00,0.000000E+00,0.000000E+00,0.000000E+00,0.000000E+00,0.000000E+00,0.000000E+00,0.000000E+00,1.999053E+01,4.749382E+01,2.599566E+01,5.121273E+01,1.659390E+03,1.455039E+03,8.134345E-02,1.188250E-01,0.000000E+00,0.000000E+00,0.000000E+00,0.000000E+00,0.000000E+00,0.000000E+00,0.000000E+00,0.000000E+00,1.999454E+01,4.976813E+01,2.599712E+01,4.513140E+01
22:00:00,2.115506E+03,9.271566E+02,1.036815E-01,7.572476E-02,0.000000E+00,0.000000E+00,0.000000E+00,0.000000E+00,0.000000E+00,0.000000E+00,0.000000E+00,0.000000E+00,1.999053E+01,4.749384E+01,2.599565E+01,5.142320E+01,1.659393E+03,1.411528E+03,8.134360E-02,1.152729E-01,0.000000E+00,0.000000E+00,0.000000E+00,0.000000E+00,0.000000E+00,0.000000E+00,0.000000E+00,0.000000E+00,1.999454E+01,4.976814E+01,2.599709E+01,4.526791E+01
22:10:00,2.115513E+03,9.061961E+02,1.036818E-01,7.401372E-02,0.000000E+00,0.000000E+00,0.000000E+00,0.000000E+00,0.000000E+00,0.000000E+00,0.000000E+00,0.000000E+00,1.999053E+01,4.749386E+01,2.599566E+01,5.162343E+01,1.659396E+03,1.370291E+03,8.134374E-02,1.119062E-01,0.000000E+00,0.000000E+00,0.000000E+00,0.000000E+00,0.000000E+00,0.000000E+00,0.000000E+00,0.000000E+00,1.999454E+01,4.976815E+01,2.599709E+01,4.539949E+01
22:20:00,2.115519E+03,8.862092E+02,1.036821E-01,7.238216E-02,0.000000E+00,0.000000E+00,0.000000E+00,0.000000E+00,0.000000E+00,0.000000E+00,0.000000E+00,0.000000E+00,1.999053E+01,4.749388E+01,2.599567E+01,5.181649E+01,1.659399E+03,1.331085E+03,8.134388E-02,1.087054E-01,0.000000E+00,0.000000E+00,0.000000E+00,0.000000E+00,0.000000E+00,0.000000E+00,0.000000E+00,0.000000E+00,1.999454E+01,4.976815E+01,2.599710E+01,4.552952E+01
22:30:00,2.115526E+03,8.671011E+02,1.036825E-01,7.082234E-02,0.000000E+00,0.000000E+00,0.000000E+00,0.000000E+00,0.000000E+00,0.000000E+00,0.000000E+00,0.000000E+00,1.999053E+01,4.749390E+01,2.599569E+01,5.200503E+01,1.659401E+03,1.293705E+03,8.134401E-02,1.056536E-01,0.000000E+00,0.000000E+00,0.000000E+00,0.000000E+00,0.000000E+00,0.000000E+00,0.000000E+00,0.000000E+00,1.999454E+01,4.976816E+01,2.599710E+01,4.565941E+01
22:40:00,2.115532E+03,8.487389E+02,1.036828E-01,6.932286E-02,0.000000E+00,0.000000E+00,0.000000E+00,0.000000E+00,0.000000E+00,0.000000E+00,0.000000E+00,0.000000E+00,1.999053E+01,4.749391E+01,2.599570E+01,5.219129E+01,1.659404E+03,1.257938E+03,8.134414E-02,1.027330E-01,0.000000E+00,0.000000E+00,0.000000E+00,0.000000E+00,0.000000E+00,0.000000E+00,0.000000E+00,0.000000E+00,1.999454E+01,4.976817E+01,2.599710E+01,4.578990E+01
22:50:00,2.115538E+03,8.311334E+02,1.036831E-01,6.788483E-02,0.000000E+00,0.000000E+00,0.000000E+00,0.000000E+00,0.000000E+00,0.000000E+00,0.000000E+00,0.000000E+00,1.999053E+01,4.749393E+01,2.599572E+01,5.237662E+01,1.659406E+03,1.223735E+03,8.134426E-02,9.993970E-02,0.000000E+00,0.000000E+00,0.000000E+00,0.000000E+00,0.000000E+00,0.000000E+00,0.000000E+00,0.000000E+00,1.999454E+01,4.976817E+01,2.599711E+01,4.592143E+01
23:00:00,2.115544E+03,8.142923E+02,1.036834E-01,6.650980E-02,0.000000E+00,0.000000E+00,0.000000E+00,0.000000E+00,0.000000E+00,0.000000E+00,0.000000E+00,0.000000E+00,1.999053E+01,4.749395E+01,2.599506E+01,5.251268E+01,1.659409E+03,1.190992E+03,8.134437E-02,9.726622E-02,0.000000E+00,0.000000E+00,0.000000E+00,0.000000E+00,0.000000E+00,0.000000E+00,0.000000E+00,0.000000E+00,1.999454E+01,4.976818E+01,2.599668E+01,4.601963E+01
23:10:00,2.115550E+03,7.979297E+02,1.036836E-01,6.517454E-02,0.000000E+00,0.000000E+00,0.000000E+00,0.000000E+00,0.000000E+00,0.000000E+00,0.000000E+00,0.000000E+00,1.999053E+01,4.749396E+01,2.599428E+01,5.269332E+01,1.659411E+03,1.159495E+03,8.134449E-02,9.469506E-02,0.000000E+00,0.000000E+00,0.000000E+00,0.000000E+00,0.000000E+00,0.000000E+00,0.000000E+00,0.000000E+00,1.999454E+01,4.976819E+01,2.599612E+01,4.615185E+01
23:20:00,2.115556E+03,7.819841E+02,1.036839E-01,6.387336E-02,0.000000E+00,0.000000E+00,0.000000E+00,0.000000E+00,0.000000E+00,0.000000E+00,0.000000E+00,0.000000E+00,1.999053E+01,4.749398E+01,2.599423E+01,5.289077E+01,1.659413E+03,1.129138E+03,8.134460E-02,9.221714E-02,0.000000E+00,0.000000E+00,0.000000E+00,0.000000E+00,0.000000E+00,0.000000E+00,0.000000E+00,0.000000E+00,1.999454E+01,4.976819E+01,2.599606E+01,4.629548E+01
23:30:00,2.115561E+03,7.664200E+02,1.036842E-01,6.260332E-02,0.000000E+00,0.000000E+00,0.000000E+00,0.000000E+00,0.000000E+00,0.000000E+00,0.000000E+00,0.000000E+00,1.999053E+01,4.749399E+01,2.599425E+01,5.308355E+01,1.659416E+03,1.099810E+03,8.134471E-02,8.982322E-02,0.000000E+00,0.000000E+00,0.000000E+00,0.000000E+00,0.000000E+00,0.000000E+00,0.000000E+00,0.000000E+00,1.999454E+01,4.976820E+01,2.599606E+01,4.643564E+01
23:40:00,2.115567E+03,7.512019E+02,1.036845E-01,6.136151E-02,0.000000E+00,0.000000E+00,0.000000E+00,0.000000E+00,0.000000E+00,0.000000E+00,0.000000E+00,0.000000E+00,1.999053E+01,4.749401E+01,2.599427E+01,5.327537E+01,1.659418E+03,1.071438E+03,8.134481E-02,8.750734E-02,0.000000E+00,0.000000E+00,0.000000E+00,0.000000E+00,0.000000E+00,0.000000E+00,0.000000E+00,0.000000E+00,1.999454E+01,4.976820E+01,2.599606E+01,4.657617E+01
23:50:00,2.115573E+03,7.362997E+02,1.036848E-01,6.014547E-02,0.000000E+00,0.000000E+00,0.000000E+00,0.000000E+00,0.000000E+00,0.000000E+00,0.000000E+00,0.000000E+00,1.999053E+01,4.749403E+01,2.599430E+01,5.346775E+01,1.659420E+03,1.043958E+03,8.134492E-02,8.526422E-02,0.000000E+00,0.000000E+00,0.000000E+00,0.000000E+00,0.000000E+00,0.000000E+00,0.000000E+00,0.000000E+00,1.999454E+01,4.976821E+01,2.599607E+01,4.671825E+01
24:00:00,2.115578E+03,7.216082E+02,1.036850E-01,5.894602E-02,0.000000E+00,0.000000E+00,0.000000E+00,0.000000E+00,0.000000E+00,0.000000E+00,0.000000E+00,0.000000E+00,1.999053E+01,4.749404E+01,2.599432E+01,5.366140E+01,1.659422E+03,1.017253E+03,8.134502E-02,8.308383E-02,0.000000E+00,0.000000E+00,0.000000E+00,0.000000E+00,0.000000E+00,0.000000E+00,0.000000E+00,0.000000E+00,1.999454E+01,4.976821E+01,2.599608E+01,4.686221E+01
Peak,2.115578E+03,2.488672E+03,1.036850E-01,2.032157E-01,0.000000E+00,0.000000E+00,0.000000E+00,0.000000E+00,0.000000E+00,0.000000E+00,0.000000E+00,0.000000E+00,,,,,1.659422E+03,3.640871E+03,8.134502E-02,2.972887E-01,0.000000E+00,0.000000E+00,0.000000E+00,0.000000E+00,0.000000E+00,0.000000E+00,0.000000E+00,0.000000E+00,,,,

Peak Vol Flow (m3/s),,,8.683375E-02,1.701883E-01,,,0.000000E+00,0.000000E+00,,,,,,,,,,,6.812452E-02,2.489722E-01,,,0.000000E+00,0.000000E+00,,,,,,,,
